{"cameraMode":{"drawMode":0,"name":"Shaded","section":"Shading Mode"},"sceneLighting":false,"audioPlay":false,"sceneViewState":{"showFog":true,"showMaterialUpdate":false,"showSkybox":true,"showFlares":true,"showImageEffects":true,"showParticleSystems":true},"in2DMode":false,"pivot":{"x":0.2825769782066345,"y":-0.2542955279350281,"z":2.832944631576538},"rotation":{"x":-0.048252563923597339,"y":-0.039846595376729968,"z":0.0019262561108916998,"w":-0.9980381727218628},"size":3.7848074436187746,"orthographic":false}